{
 "census": {
  "C": 48620,
  "Gamma2": 1.1346997340501588,
  "Ndist": {
   "0": 6,
   "10": 594,
   "11": 330,
   "12": 72,
   "13": 198,
   "14": 36,
   "2": 163,
   "3": 378,
   "4": 648,
   "5": 756,
   "6": 1224,
   "7": 654,
   "8": 846,
   "9": 954
  },
  "R_rawavg": 1.9750308515014396,
  "T_Q": 6914,
  "dyadic_raw": {
   "-1": {
    "Nmax": 7,
    "Nmin": 4,
    "mass": {
     "2": 0.2694634665248321,
     "3": 0.1807390801917227,
     "4": 0.11550533404830986,
     "5": 0.0710987642390313,
     "6": 0.04245806236931099,
     "7": 0.0247257229541315,
     "8": 0.014099451440527383
    },
    "nfibers": 3282
   },
   "-2": {
    "Nmax": 3,
    "Nmin": 2,
    "mass": {
     "2": 0.010366536594845883,
     "3": 0.00333020662326307,
     "4": 0.001011287177495844,
     "5": 0.00029323837972306904,
     "6": 8.176050443534227e-05,
     "7": 2.2037950579646182e-05,
     "8": 5.768477804648971e-06
    },
    "nfibers": 541
   },
   "0": {
    "Nmax": 14,
    "Nmin": 8,
    "mass": {
     "2": 0.720169996880322,
     "3": 0.8159307131850142,
     "4": 0.8834833787741943,
     "5": 0.9286079973812457,
     "6": 0.9574601771262536,
     "7": 0.9752522390952888,
     "8": 0.985894780081668
    },
    "nfibers": 3030
   }
  },
  "g2_census": 1.1346997340501588,
  "g2_parseval": 1.1346997340501588,
  "masked_PR": 4092.82853522146,
  "masked_gamma": {
   "2": 1.0095501164812641,
   "3": 1.0362507536413732,
   "4": 1.0969179027691258,
   "5": 1.2249164988211987,
   "6": 1.4864460706586187,
   "7": 2.0128529409539904,
   "8": 3.064740547068016
  },
  "masked_maxN": 2,
  "maxN_raw": 14,
  "mean": 7.088496865432279,
  "n_fibers_occ": 6853,
  "ok_gamma2_parseval": true,
  "ok_newton": true,
  "parse_relerr_raw": 1.3477705214805709e-14,
  "phi_deg": 6,
  "raw_L1": 418665.7458856116,
  "raw_PR": 550.4757752823494,
  "raw_gamma": {
   "2": 1.1346997340501588,
   "3": 1.4147538537142592,
   "4": 1.8972569421025243,
   "5": 2.696700137912639,
   "6": 4.020014753530199,
   "7": 6.235255569952191,
   "8": 9.998917552829107
  },
  "raw_maxN": 14,
  "size": 6859,
  "tau": [
   3457,
   24310
  ],
  "tau_f": 0.14220485396955984,
  "tri_prim_rawavg": 9.349613661610858
 },
 "dense_heavy": {
  "RHO_DENSE": 0.5,
  "agg_all": {
   "frac_dense_fibers": 0.9998540785057639,
   "frac_dense_mass": 0.999958864664747,
   "hypothesis": "HOLD",
   "n_dense": 6852,
   "nfibers": 6853,
   "rho_max": 1.0,
   "rho_mean": 0.1679051067129281,
   "rho_min": 0.07142857142857142
  },
  "agg_popular": null,
  "agg_topK": {
   "frac_dense_fibers": 1.0,
   "frac_dense_mass": 1.0,
   "hypothesis": "HOLD",
   "n_dense": 64,
   "nfibers": 64,
   "rho_max": 0.07692307692307693,
   "rho_mean": 0.07383241758241758,
   "rho_min": 0.07142857142857142
  },
  "falsifier_near_delta": false,
  "max_rho_topK": 0.07692307692307693,
  "n_popular": 0
 },
 "dichotomy": {
  "DECAY_C": 0.05,
  "DOUB_C": 0.1,
  "N": 18,
  "P_CAP": 1200,
  "all_levels_fe": [
   {
    "FE": true,
    "R_lo": 0.25,
    "fe_slope": -1.27866572443414,
    "has_trades": false,
    "j": -2,
    "nfibers": 541
   },
   {
    "FE": false,
    "R_lo": 0.5,
    "fe_slope": -0.18615290109270477,
    "has_trades": false,
    "j": -1,
    "nfibers": 3282
   },
   {
    "FE": false,
    "R_lo": 1.0,
    "fe_slope": 0.5987595881263217,
    "has_trades": true,
    "j": 0,
    "nfibers": 3030
   }
  ],
  "ells": [
   2,
   3,
   4,
   5,
   6,
   7,
   8
  ],
  "levels": [
   {
    "ES": false,
    "FE": false,
    "HY": 8.693469735580855,
    "HYY": 16.57373181888724,
    "R_lo": 1.0,
    "capped": false,
    "comb_doubling": 359.61336032388664,
    "contrib": {
     "2": 0.8171767039310049,
     "3": 1.1543411208423229,
     "4": 1.676194973611534,
     "5": 2.5041773146047843,
     "6": 3.8490040379651775,
     "7": 6.080946955927246,
     "8": 9.857880621801183
    },
    "doubling_gap": 7.880262083306384,
    "fe_slope": 0.5987595881263217,
    "j": 0,
    "nfibers": 3030,
    "ok_HY": true,
    "ok_fe_2path": true,
    "pop_trades": 804,
    "rel_doubling": 0.9064576426894139,
    "sidon_side": "SIDON-FREE",
    "thr_ES": 1.8,
    "thr_FE": -0.9,
    "verdict": "NEITHER"
   }
  ]
 },
 "toy": [
  19,
  18,
  9,
  3
 ],
 "trades": {
  "K_TOP": 64,
  "LS_THRESH": 6,
  "R": 18,
  "levels": {
   "0": {
    "U_size": 18,
    "j": 0,
    "low_supp_count": 0,
    "min_supp": 8,
    "n_fibers": 64,
    "pop_trades": 804,
    "rank_defect": 0,
    "supp_hist": {
     "10": 201,
     "12": 150,
     "14": 15,
     "8": 438
    },
    "vdm_rank": 18
   }
  },
  "moment_eqs_ok": true,
  "n_select": 64
 }
}