{
 "census": {
  "C": 924,
  "Gamma2": 1.070086298982403,
  "Ndist": {
   "3": 24,
   "4": 24,
   "5": 30,
   "6": 31,
   "7": 60
  },
  "R_rawavg": 1.2803030303030303,
  "T_Q": 288,
  "dyadic_raw": {
   "-1": {
    "Nmax": 5,
    "Nmin": 3,
    "mass": {
     "2": 0.24972253052164262,
     "3": 0.17868112014453477,
     "4": 0.12714972000341113,
     "5": 0.09038652217402889,
     "6": 0.06430816167438189,
     "7": 0.045818851988459273,
     "8": 0.03269058555536024
    },
    "nfibers": 78
   },
   "0": {
    "Nmax": 7,
    "Nmin": 6,
    "mass": {
     "2": 0.7502774694783574,
     "3": 0.8213188798554653,
     "4": 0.8728502799965889,
     "5": 0.9096134778259711,
     "6": 0.9356918383256181,
     "7": 0.9541811480115407,
     "8": 0.9673094144446398
    },
    "nfibers": 91
   }
  },
  "g2_census": 1.070086298982403,
  "g2_parseval": 1.070086298982403,
  "masked_PR": 117.51394357540765,
  "masked_gamma": {
   "2": 1.1124855324074074,
   "3": 1.4132318692933385,
   "4": 2.2268813865393007,
   "5": 4.725530820888444,
   "6": 13.047298805831543,
   "7": 41.76178178520867,
   "8": 142.15822413413545
  },
  "masked_maxN": 6,
  "maxN_raw": 7,
  "mean": 5.4674556213017755,
  "n_fibers_occ": 169,
  "ok_gamma2_parseval": true,
  "ok_newton": true,
  "parse_relerr_raw": 2.5534795597755915e-15,
  "phi_deg": 4,
  "raw_L1": 2245.0758123289565,
  "raw_PR": 84.23352055724679,
  "raw_gamma": {
   "2": 1.070086298982403,
   "3": 1.2023374405574185,
   "4": 1.3976774854255747,
   "5": 1.6636347917821988,
   "6": 2.01352611025501,
   "7": 2.466558553333492,
   "8": 3.0486037192818216
  },
  "raw_maxN": 7,
  "size": 169,
  "tau": [
   24,
   77
  ],
  "tau_f": 0.3116883116883117,
  "tri_prim_rawavg": 3.163501961394976
 },
 "dense_heavy": {
  "RHO_DENSE": 0.5,
  "agg_all": {
   "frac_dense_fibers": 0.9940828402366864,
   "frac_dense_mass": 0.9935064935064936,
   "hypothesis": "HOLD",
   "n_dense": 168,
   "nfibers": 169,
   "rho_max": 1.0,
   "rho_mean": 0.31327134404057483,
   "rho_min": 0.2
  },
  "agg_popular": null,
  "agg_topK": {
   "frac_dense_fibers": 0.984375,
   "frac_dense_mass": 0.9864864864864865,
   "hypothesis": "HOLD",
   "n_dense": 63,
   "nfibers": 64,
   "rho_max": 1.0,
   "rho_mean": 0.29910714285714285,
   "rho_min": 0.2857142857142857
  },
  "falsifier_near_delta": true,
  "max_rho_topK": 1.0,
  "n_popular": 0
 },
 "dichotomy": {
  "DECAY_C": 0.05,
  "DOUB_C": 0.1,
  "N": 12,
  "P_CAP": 1200,
  "all_levels_fe": [
   {
    "FE": false,
    "R_lo": 0.5,
    "fe_slope": -0.23715956435851135,
    "has_trades": false,
    "j": -1,
    "nfibers": 78
   },
   {
    "FE": false,
    "R_lo": 1.0,
    "fe_slope": 0.31282911414351616,
    "has_trades": true,
    "j": 0,
    "nfibers": 91
   }
  ],
  "ells": [
   2,
   3,
   4,
   5,
   6,
   7,
   8
  ],
  "levels": [
   {
    "ES": false,
    "FE": false,
    "HY": 7.051898163013955,
    "HYY": 12.873918654114895,
    "R_lo": 1.0,
    "capped": false,
    "comb_doubling": 99.80337078651685,
    "contrib": {
     "2": 0.8028616405239782,
     "3": 0.9875024398869061,
     "4": 1.2199631844986412,
     "5": 1.513264628785291,
     "6": 1.8840399476211416,
     "7": 2.353543672057436,
     "8": 2.94894307857225
    },
    "doubling_gap": 5.8220204911009406,
    "fe_slope": 0.31282911414351616,
    "j": 0,
    "nfibers": 91,
    "ok_HY": true,
    "ok_fe_2path": true,
    "pop_trades": 380,
    "rel_doubling": 0.825596223387978,
    "sidon_side": "SIDON-FREE",
    "thr_ES": 1.2000000000000002,
    "thr_FE": -0.6000000000000001,
    "verdict": "NEITHER"
   }
  ]
 },
 "toy": [
  13,
  12,
  6,
  2
 ],
 "trades": {
  "K_TOP": 64,
  "LS_THRESH": 4,
  "R": 12,
  "levels": {
   "0": {
    "U_size": 12,
    "j": 0,
    "low_supp_count": 0,
    "min_supp": 6,
    "n_fibers": 64,
    "pop_trades": 380,
    "rank_defect": 0,
    "supp_hist": {
     "10": 15,
     "12": 1,
     "6": 273,
     "8": 91
    },
    "vdm_rank": 12
   }
  },
  "moment_eqs_ok": true,
  "n_select": 64
 }
}