{
 "census": {
  "C": 12870,
  "Gamma2": 1.13768748388795,
  "Ndist": {
   "0": 32,
   "1": 560,
   "2": 1600,
   "3": 1888,
   "4": 736,
   "5": 88,
   "6": 1,
   "7": 8
  },
  "R_rawavg": 2.672183372183372,
  "T_Q": 5286,
  "dyadic_raw": {
   "-1": {
    "Nmax": 2,
    "Nmin": 2,
    "mass": {
     "2": 0.16685785796224842,
     "3": 0.10207336523125997,
     "4": 0.05778676683039584,
     "5": 0.03045009039870587,
     "6": 0.014934045189487365,
     "7": 0.0067957866123003734,
     "8": 0.0028602383628800053
    },
    "nfibers": 1600
   },
   "-2": {
    "Nmax": 1,
    "Nmin": 1,
    "mass": {
     "2": 0.014600062571696736,
     "3": 0.004465709728867623,
     "4": 0.001264085524414909,
     "5": 0.0003330478637358455,
     "6": 8.167055963000904e-05,
     "7": 1.8582229018008834e-05,
     "8": 3.9104821367500075e-06
    },
    "nfibers": 560
   },
   "0": {
    "Nmax": 5,
    "Nmin": 3,
    "mass": {
     "2": 0.8073834602148295,
     "3": 0.8698564593301435,
     "4": 0.8946655590869691,
     "5": 0.8846274621752783,
     "6": 0.8409162503412663,
     "7": 0.7652785741590215,
     "8": 0.6633620671836473
    },
    "nfibers": 2712
   },
   "1": {
    "Nmax": 7,
    "Nmin": 6,
    "mass": {
     "2": 0.011158619251225363,
     "3": 0.023604465709728868,
     "4": 0.046283588558220165,
     "5": 0.08458939956227995,
     "6": 0.14406803390961637,
     "7": 0.2279070569996602,
     "8": 0.33377378397133595
    },
    "nfibers": 9
   }
  },
  "g2_census": 1.13768748388795,
  "g2_parseval": 1.13768748388795,
  "masked_PR": 2519.9499347116925,
  "masked_gamma": {
   "2": 1.0753749687385878,
   "3": 1.2903846599825044,
   "4": 1.849423180134778,
   "5": 3.537227582926111,
   "6": 10.068621727981556,
   "7": 40.92918814517881,
   "8": 202.493984775879
  },
  "masked_maxN": 6,
  "maxN_raw": 7,
  "mean": 2.61958070425402,
  "n_fibers_occ": 4881,
  "ok_gamma2_parseval": true,
  "ok_newton": true,
  "parse_relerr_raw": 1.6334602254542794e-16,
  "phi_deg": 8,
  "raw_L1": 123291.53644253718,
  "raw_PR": 666.5227415351469,
  "raw_gamma": {
   "2": 1.13768748388795,
   "3": 1.419892365430588,
   "4": 1.9148628508259027,
   "5": 2.774442296658195,
   "6": 4.319018206082056,
   "7": 7.246377839729944,
   "8": 13.1448820759936
  },
  "raw_maxN": 7,
  "size": 4913,
  "tau": [
   881,
   2145
  ],
  "tau_f": 0.41072261072261074,
  "tri_prim_rawavg": 10.472846654431796
 },
 "dense_heavy": {
  "RHO_DENSE": 0.5,
  "agg_all": {
   "frac_dense_fibers": 0.8227822167588609,
   "frac_dense_mass": 0.8901320901320902,
   "hypothesis": "HOLD",
   "n_dense": 4016,
   "nfibers": 4881,
   "rho_max": 1.0,
   "rho_mean": 0.47658656988712306,
   "rho_min": 0.2
  },
  "agg_popular": {
   "frac_dense_fibers": 0.8888888888888888,
   "frac_dense_mass": 0.9032258064516129,
   "hypothesis": "HOLD",
   "n_dense": 8,
   "nfibers": 9,
   "rho_max": 1.0,
   "rho_mean": 0.36507936507936506,
   "rho_min": 0.2857142857142857
  },
  "agg_topK": {
   "frac_dense_fibers": 0.984375,
   "frac_dense_mass": 0.9821958456973294,
   "hypothesis": "HOLD",
   "n_dense": 63,
   "nfibers": 64,
   "rho_max": 1.0,
   "rho_mean": 0.30758928571428573,
   "rho_min": 0.2
  },
  "falsifier_near_delta": true,
  "max_rho_topK": 1.0,
  "n_popular": 9
 },
 "dichotomy": {
  "DECAY_C": 0.05,
  "DOUB_C": 0.1,
  "N": 16,
  "P_CAP": 1200,
  "all_levels_fe": [
   {
    "FE": true,
    "R_lo": 0.25,
    "fe_slope": -1.3893359093570457,
    "has_trades": false,
    "j": -2,
    "nfibers": 560
   },
   {
    "FE": false,
    "R_lo": 0.5,
    "fe_slope": -0.3893359093570459,
    "has_trades": false,
    "j": -1,
    "nfibers": 1600
   },
   {
    "FE": false,
    "R_lo": 1.0,
    "fe_slope": 0.5411445778259462,
    "has_trades": true,
    "j": 0,
    "nfibers": 2712
   },
   {
    "FE": false,
    "R_lo": 2.0,
    "fe_slope": 1.4054941998663095,
    "has_trades": true,
    "j": 1,
    "nfibers": 9
   }
  ],
  "ells": [
   2,
   3,
   4,
   5,
   6,
   7,
   8
  ],
  "levels": [
   {
    "ES": false,
    "FE": false,
    "HY": 6.749278198693388,
    "HYY": 13.072183744203505,
    "R_lo": 1.0,
    "capped": false,
    "comb_doubling": 112.67910447761194,
    "contrib": {
     "2": 0.9185500573845562,
     "3": 1.2351025456233535,
     "4": 1.7131618430090239,
     "5": 2.45434784784449,
     "6": 3.631932595014185,
     "7": 5.545497701006061,
     "8": 8.719816146816388
    },
    "doubling_gap": 6.322905545510117,
    "fe_slope": 0.5411445778259462,
    "j": 0,
    "nfibers": 2712,
    "ok_HY": true,
    "ok_fe_2path": true,
    "pop_trades": 220,
    "rel_doubling": 0.9368269256902443,
    "sidon_side": "SIDON-FREE",
    "thr_ES": 1.6,
    "thr_FE": -0.8,
    "verdict": "NEITHER"
   },
   {
    "ES": false,
    "FE": false,
    "HY": 5.473019039387215,
    "HYY": 10.644078537930008,
    "R_lo": 2.0,
    "capped": false,
    "comb_doubling": 41.46808510638298,
    "contrib": {
     "2": 0.012695021459590224,
     "3": 0.03351580065131212,
     "4": 0.08862672433304661,
     "5": 0.2346884079945097,
     "6": 0.62223246137008,
     "7": 1.651500647360407,
     "8": 4.387417030361374
    },
    "doubling_gap": 5.171059498542793,
    "fe_slope": 1.4054941998663095,
    "j": 1,
    "nfibers": 9,
    "ok_HY": true,
    "ok_fe_2path": true,
    "pop_trades": 53,
    "rel_doubling": 0.9448276100135345,
    "sidon_side": "SIDON-FREE",
    "thr_ES": 1.6,
    "thr_FE": -0.8,
    "verdict": "NEITHER"
   }
  ]
 },
 "toy": [
  17,
  16,
  8,
  3
 ],
 "trades": {
  "K_TOP": 64,
  "LS_THRESH": 6,
  "R": 16,
  "levels": {
   "0": {
    "U_size": 16,
    "j": 0,
    "low_supp_count": 0,
    "min_supp": 8,
    "n_fibers": 55,
    "pop_trades": 220,
    "rank_defect": 0,
    "supp_hist": {
     "10": 41,
     "12": 15,
     "8": 164
    },
    "vdm_rank": 16
   },
   "1": {
    "U_size": 16,
    "j": 1,
    "low_supp_count": 0,
    "min_supp": 8,
    "n_fibers": 9,
    "pop_trades": 53,
    "rank_defect": 0,
    "supp_hist": {
     "10": 16,
     "16": 1,
     "8": 36
    },
    "vdm_rank": 16
   }
  },
  "moment_eqs_ok": true,
  "n_select": 64
 }
}