{
 "census": {
  "C": 705432,
  "Gamma2": 1.0092148083863213,
  "Ndist": {
   "37": 88,
   "39": 22,
   "40": 22,
   "42": 44,
   "44": 44,
   "45": 88,
   "46": 110,
   "47": 154,
   "48": 286,
   "49": 44,
   "50": 308,
   "51": 264,
   "52": 462,
   "53": 176,
   "54": 462,
   "55": 704,
   "56": 616,
   "57": 1320,
   "58": 792,
   "59": 836,
   "60": 1166,
   "61": 858,
   "62": 1034,
   "63": 638,
   "64": 594,
   "65": 374,
   "66": 264,
   "67": 176,
   "68": 88,
   "69": 44,
   "71": 44,
   "74": 44,
   "90": 1
  },
  "R_rawavg": 1.552282856462423,
  "T_Q": 12168,
  "dyadic_raw": {
   "-1": {
    "Nmax": 57,
    "Nmin": 37,
    "mass": {
     "2": 0.35770850642114493,
     "3": 0.3255734237700766,
     "4": 0.29555013716263717,
     "5": 0.26756871587022757,
     "6": 0.24155258677873223,
     "7": 0.21742051103641674,
     "8": 0.19508776866168726
    },
    "nfibers": 5214
   },
   "0": {
    "Nmax": 90,
    "Nmin": 58,
    "mass": {
     "2": 0.6422914935788551,
     "3": 0.6744265762299234,
     "4": 0.7044498628373628,
     "5": 0.7324312841297724,
     "6": 0.7584474132212677,
     "7": 0.7825794889635833,
     "8": 0.8049122313383128
    },
    "nfibers": 6953
   }
  },
  "g2_census": 1.0092148083863213,
  "g2_parseval": 1.0092148083863213,
  "masked_PR": 12166.00000000001,
  "masked_gamma": {
   "2": 1.0000821692664736,
   "3": 1.0003286568071996,
   "4": 1.0009037471358235,
   "5": 1.0021359822774776,
   "6": 1.0046823922819903,
   "7": 1.0098569292564685,
   "8": 1.020287281447222
  },
  "masked_maxN": 2,
  "maxN_raw": 90,
  "mean": 57.97912385962029,
  "n_fibers_occ": 12167,
  "ok_gamma2_parseval": true,
  "ok_newton": true,
  "parse_relerr_raw": 1.414205030712237e-14,
  "phi_deg": 10,
  "raw_L1": 2225952.055538243,
  "raw_PR": 1080.5254244771486,
  "raw_gamma": {
   "2": 1.0092148083863213,
   "3": 1.0269919242674754,
   "4": 1.053050455067285,
   "5": 1.0874171228361915,
   "6": 1.130393101597773,
   "7": 1.1825453441540157,
   "8": 1.24471973717344
  },
  "raw_maxN": 90,
  "size": 12167,
  "tau": [
   39,
   2261
  ],
  "tau_f": 0.017249004865103935,
  "tri_prim_rawavg": 4.150455402559346
 },
 "dense_heavy": {
  "RHO_DENSE": 0.5,
  "agg_all": {
   "frac_dense_fibers": 1.0,
   "frac_dense_mass": 1.0,
   "hypothesis": "HOLD",
   "n_dense": 12167,
   "nfibers": 12167,
   "rho_max": 0.02702702702702703,
   "rho_mean": 0.017426926064017967,
   "rho_min": 0.013513513513513514
  },
  "agg_popular": null,
  "agg_topK": {
   "frac_dense_fibers": 1.0,
   "frac_dense_mass": 1.0,
   "hypothesis": "HOLD",
   "n_dense": 64,
   "nfibers": 64,
   "rho_max": 0.022222222222222223,
   "rho_mean": 0.013819100790931777,
   "rho_min": 0.013513513513513514
  },
  "falsifier_near_delta": false,
  "max_rho_topK": 0.022222222222222223,
  "n_popular": 0
 },
 "dichotomy": {
  "DECAY_C": 0.05,
  "DOUB_C": 0.1,
  "N": 22,
  "P_CAP": 1200,
  "all_levels_fe": [
   {
    "FE": false,
    "R_lo": 0.5,
    "fe_slope": -0.09534557310462748,
    "has_trades": false,
    "j": -1,
    "nfibers": 5214
   },
   {
    "FE": false,
    "R_lo": 1.0,
    "fe_slope": 0.10469849131822978,
    "has_trades": true,
    "j": 0,
    "nfibers": 6953
   }
  ],
  "ells": [
   2,
   3,
   4,
   5,
   6,
   7,
   8
  ],
  "levels": [
   {
    "ES": false,
    "FE": false,
    "HY": 9.986898888392641,
    "HYY": 19.49090953186204,
    "R_lo": 1.0,
    "capped": true,
    "comb_doubling": 881.369259606373,
    "contrib": {
     "2": 0.6482100866203483,
     "3": 0.6926306472994942,
     "4": 0.7418212486329715,
     "5": 0.7964583196636144,
     "6": 0.8573437238299967,
     "7": 0.9254357311043142,
     "8": 1.001890141039112
    },
    "doubling_gap": 9.5040106434694,
    "fe_slope": 0.10469849131822978,
    "j": 0,
    "nfibers": 6953,
    "ok_HY": true,
    "ok_fe_2path": true,
    "pop_trades": 1200,
    "rel_doubling": 0.9516478287885258,
    "sidon_side": "SIDON-FREE",
    "thr_ES": 2.2,
    "thr_FE": -1.1,
    "verdict": "NEITHER"
   }
  ]
 },
 "toy": [
  23,
  22,
  11,
  3
 ],
 "trades": {
  "K_TOP": 64,
  "LS_THRESH": 6,
  "R": 22,
  "levels": {
   "0": {
    "U_size": 22,
    "j": 0,
    "low_supp_count": 0,
    "min_supp": 8,
    "n_fibers": 64,
    "pop_trades": 4631,
    "rank_defect": 0,
    "supp_hist": {
     "10": 1262,
     "12": 1474,
     "14": 747,
     "16": 158,
     "18": 33,
     "22": 1,
     "8": 956
    },
    "vdm_rank": 22
   }
  },
  "moment_eqs_ok": true,
  "n_select": 64
 }
}